text,source,matched_keywords,label,keyword_count,text_length,has_investment_word,has_saving_word,has_risk_word
HD현대 군산조선소 제이오션重으로 새 출발 HD현대중공업 7800억원에 매각 내년 초부터 신규 선박 건조 착수 26일 전북 군산 제2국가산업단지 내 군산조선소 본관에서 제이오션중공업과 HD현대중공업이 군산조선소 자산 양수도를 위한 본계약을 체결하고 있다 사진 제공 전북도 군산조선소가 HD현대 그룹을 떠나 전북을 상징하는 제이오션중공업으로 새출발한다 재정비를 거쳐 내년부터 선박 건조에 들어가 2028년 첫 신조선을 인도한다는 목표다 HJ중공업 최대주주인 에코프라임마린퍼시픽은 26일 신설 법인 제이오션중공업을 통해 HD현대중공업의 군산 조선소와 기술교육원 기숙사 등 자산 일체를 인수하는 본계약을 체결했다 HJ중공업측은 3월 HD군산조선소 자산 양수도를 위한 합의각서 MOA 체결 후 약 3개월간 실사를 마치고 인수가,산업/재계,목표,1,1,402,0,1,0
명노현 LS 부회장 북미는 기회의 땅 전력 에너지 주도권 확보할 것 LS그룹 북미 6조 투자 현장 점검 美 정관계 인사 만나 세제 지원 요청 가온전선 테슬라에 첫 버스덕트 공급 명노현 오른쪽 LS 부회장이 미국 버지니아주 LS그린링크의 해저케이블 공장 건립 현장을 찾아 임직원들에게 철저한 품질 안전 관리와 적기 완공을 당부하고 있다 LS 명노현 LS 부회장이 북미 주요 사업장을 잇달아 방문하며 전력 에너지 인프라 시장 전략을 직접 지휘했다 인공지능 AI 데이터센터 증설과 노후 전력망 교체 신재생에너지 인프라 확대가 맞물린 북미 시장을 LS그룹의 핵심 성장 무대로 삼고 현지 투자와 사업 확대에 속도를 내기 위해서다 25일 LS에 따르면 명 부회장은 17일 현지시간 부터 열흘간 미국 출장을 마친 뒤 북미 시장은 AI 데이터센터 증설 노후 전력망,산업/재계,"투자,시장",1,2,419,1,0,0
석유 최고가격 150원 전격 인하 휘발유 1784원 경유 1773원 정부 27일 0시부터 주유소 판매가격 리터당 1800원대 하락 전망 정부가 7차 석유 최고가격을 인하하며 의도적으로 가격 인하를 지연하는 주유소를 면밀히 모니터링할 것이라고 경고했다 사진은 서울 서초구 만남의광장 주유소에서 시민들이 주유를 하고 있는 모습 사진 뉴스1 정부가 7차 석유 최고가격을 인하했다 이번 하향 조정으로 시중 주유소 판매가격은 리터 ℓ 당 1800원대로 하락할 것으로 예상된다 26일 업계에 따르면 산업통상부는 오는 27일 0시부터 적용되는 7차 석유 최고가격을 6차 가격 대비 ℓ당 150원 인하하겠다고 밝혔다 인하는 휘발유 경유 등유에 모두 적용된다 정유사 공급가격 상한은 리터당 휘발유 1784원 경유 1773원 등유 1380원이다 이번에 적용되는 최고가격은 4주간,산업/재계,가격,1,1,425,0,0,0
폭스바겐 10만명 감원설 독일 공장 4곳 추가 폐쇄 검토 독일 매체 기존 감원 목표의 두 배 수준 보도 노조 정치권 강력 반발 니더작센 주정부 거부권 변수 지난 2024년 10월 28일 독일 동부 츠비카우 폭스바겐 공장에서 직원들이 노사협의회가 주최한 설명회에 참석해 있다 독일 매체는 폭스바겐이 전 세계에서 추가로 수만명 규모의 감원과 독일 내 공장 최대 4곳 폐쇄를 검토하고 있다고 보도했다 AFP 헤럴드경제 독일 완성차업체 폭스바겐그룹이 최대 10만명 규모의 감원과 독일 내 공장 4곳 추가 폐쇄를 검토하고 있다는 현지 보도가 나왔다 전기차 전환 지연과 중국 시장 부진이 겹치면서 구조조정 압박이 한층 커지는 모습이다 26일 현지시간 독일 경제매체 매니저마가친은 내부 소식통을 인용해 폭스바겐이 전 세계 일자리 65만7000개 가운데,산업/재계,"시장,목표",1,2,413,0,1,0
고물가 잡자 농축수산물 전품목 할인 공공요금 동결 앵커 치솟는 먹거리 물가에 정부가 역대 최대 규모의 할인 대책을 내놨습니다 농축수산물 할인부터 계란 추가 수입 공공요금 동결까지 서민 부담을 낮추겠다는 건데 실제 물가 안정으로 이어질지는 지켜봐야 한다는 전망도 나옵니다 가 보도합니다 기자 마트를 찾은 시민들이 계란과 채소 생선 가격을 꼼꼼히 살펴봅니다 정부가 여름철 먹거리 물가 안정을 위해 다음 달부터 두 달 동안 역대 최대 규모의 할인 행사에 나섭니다 기존 22개 품목에 한정됐던 농축수산물 할인은 전 품목으로 확대되고 할인 지원도 1인당 최대 3만 원까지 늘어납니다 최근 가격이 크게 오른 계란은 신선란 2억 개를 추가 수입하고 모든 종류의 계란에 할인도 적용합니다 고등어 가격 안정을 위해서는 노르웨이산 고등어,산업/재계,"물가,가격,수입,할인",1,4,402,0,0,0
1천조 이상 규모 반도체 지방투자 인프라는 숙제 앵커 호남권 반도체 투자 계획이 점점 구체화하고 있습니다 다음주에 세부 내용이 공개될 전망인데요 다만 인프라와 인력 문제부터 해결해야 한다는 지적은 끊이지 않습니다 입니다 기자 정부와 기업이 함께 추진하는 반도체 지방투자의 구체적 내용은 다음주 중 발표될 것으로 보입니다 최근 최태원 SK그룹 회장과 이재용 삼성전자 회장이 이재명 대통령과 연달아 만났고 투자 규모와 내용 부지 등 세부 사항 관련 의견을 교환한 것으로 알려졌습니다 전 후공정을 망라한 클러스터 재생에너지 인프라 등 다양한 방안이 거론되는데 투자 규모는 반도체 투톱 삼성전자와 SK하이닉스의 투자분을 합쳐 1천조원 이상인 것으로 알려졌습니다 첨단 핵심 산업에 대한 대규,산업/재계,투자,1,1,381,1,0,0
27일부터 기름값 150원 낮춘다 석유 최고가격 하향 하반기 전기 가스 등 공공요금 동결 지난 25일 서울 시내 한 주유소에 가격 알림판이 놓여 있다 연합뉴스 정부가 휘발유와 경유 등유에 적용하는 석유 제품 최고 가격을 150원 인하한다 중동 지역 정세 불안이 완화하며 국제 유가가 하락세로 돌아서자 국내 유통되는 기름값을 낮춰 소비자 물가 부담을 덜겠다는 취지다 산업통상부는 27일 0시부터 적용되는 제7차 석유 최고가를 제6차보다 리터당 150원 낮추기로 했다고 26일 밝혔다 이에 따라 정유사 공급가 상한선은 휘발유의 경우 리터당 1784원 경유 1773원 등유 1380원으로 내려간다 이번 조치로 현재 2000원대 초반인 주유소 휘발유 경유 판매가는 1800원대로 내려갈 것으로 보인다 다만 소비자가 가격 인하를 체감하기까지는 시간이 걸릴 수 있,산업/재계,"물가,소비,가격",1,3,421,0,0,0
7차 석유 최고가격 정유사 공급가 150원 인하 서울 뉴시스 26일 오후 서울 시내 한 주유소에서 이용객이 주유를 하고 있다 정부는 27일 0시부터 적용되는 7차 석유 최고가격을 6차 가격보다 리터당 150원 인하한다 이에 따라 각 주유소는 기존 재고를 모두 판매한 뒤 7차 석유 최고가격이 적용된 가격에 정유사에서 공급받아 판매한다,산업/재계,가격,1,1,186,0,0,0
7차 석유 최고가격 정유사 공급가 150원 인하 서울 뉴시스 26일 오후 서울 시내 한 주유소에 유가가 표시돼 있다 정부는 27일 0시부터 적용되는 7차 석유 최고가격을 6차 가격보다 리터당 150원 인하한다 이에 따라 각 주유소는 기존 재고를 모두 판매한 뒤 7차 석유 최고가격이 적용된 가격에 정유사에서 공급받아 판매한다,산업/재계,가격,1,1,181,0,0,0
투자 대가가 말했다 삼전닉스 절대 팔지 말라 이유 들어보니 반도체 호황은 이제 시작 메모리 빅3 체제 쉽게 안 흔들린다 자 380만 명을 보유한 유튜브 채널 지식인사이드 에서 세계적인 가치투자자 모니시 파브라이가 한국 반도체 기업의 경쟁력과 미래 가치에 대한 견해를 밝히고 있다 photo 유튜브 채널 지식인사이드 세계적인 가치투자자 모니시 파브라이가 삼성전자와 SK하이닉스를 대표적인 장기 투자 대상으로 꼽으며 메모리 반도체 산업의 성장 가능성을 높게 평가했다 최근 유튜브 채널 지식인사이드 에 출연한 파브라이는 메모리 반도체 시장의 구조적 변화가 두 기업의 경쟁력을 더욱 강화했다고 진단했다 그는 과거 메모리 시장은 치열한 치킨게임 구조였지만 현재는 삼성전자 SK하이닉스 마이크론의 강력한 빅3 체제로 재편됐다 고 말했다 이어 새로운 경쟁자가,경제일반,"투자,시장",1,2,417,1,0,0
석유 최고가 27일부터 150원 인하 휘발유 1800원대 제도 도입 106일 만의 첫 하향 조정 휘발유 1784원 경유 1773원 주유소 판매가 하락까지 3주 시차 정부 주유소 폭리 집중 단속 지난 21일 오전 서울 시내 한 주유소에 유가 정보가 표시돼 있다 뉴시스 정부가 오는 27일 0시부터 적용되는 7차 석유 최고가격을 ℓ당 150원 인하한다 지난 3월 13일 석유 최고가격제가 도입된 이후 106일 만의 첫 하향 조정이다 이에 따라 주유소 기름값은 2000원대에서 1800원대로 낮아질 전망이다 산업통상부는 26일 27일 0시부터 적용될 7차 석유 최고가격을 ℓ당 150원 인하하기로 결정했다 고 밝혔다 이로써 7차 석유 최고가격은 휘발유 1784원 경유 1773원 등유 1380원으로 각각 지정됐다 석유 최고가격은 정유사가 주유소에 넘기는 공,경제일반,가격,1,1,420,0,0,0
석유 최고가 150원 첫 인하 주유소 800원대 정부가 내일 27일 0시부터 적용될 7차 석유 최고가격을 리터당 150원 내리기로 결정했습니다 이에 따라 정유사 공급가격 상한은 리터당 휘발유 1천784원 경유 1천773원 등유 1천380원으로 각각 조정됩니다 이번 결정은 지난 3월 최고가격제가 도입된 이후 첫 하향 조정으로 이로써 주유소 기름값은 기존 2천 원대에서 천 800원대로 낮아질 전망입니다 제보하기 전화 이메일 카카오톡 KBS제보 검색 채널 추가 유튜브 다음에서도 KBS뉴스를 해주세요,경제일반,가격,1,1,278,0,0,0
숏폼으로 1분 레시피 선보이고 어울리는 상품 소개도 SSG닷컴 초간편 집밥 프로젝트 본격화 올해 가정간편식 HMR 시장 규모가 7조원을 넘어설 것으로 전망되는 가운데 간편식 트렌드 역시 변화하고 있다 구매 기준이 조리 편의성 과 가격 경쟁력 중심으로 변화하고 있는 것 한국농촌경제연구원 식품소비행태조사 에 따르면 간편식 구매 이유로는 편리성 비중이 가장 높았고 재료를 사서 조리하는 것보다 비용이 적게 들어서 가 뒤를 이었다 반면 미구매 이유는 가격이 비싸서 가 가장 큰 비중을 차지했다 또한 간편식 품질 상향 평준화에 따라 맛이 없어서 간편식을 구매하지 않는 가구의 비중은 2021년 에서 2025년 로 감소한 것으로 나타났다 SSG닷컴 초간편 집밥 프로젝트 이미지제공 SSG닷컴 이처럼 변화하는 간편식,경제일반,"소비,가격,시장",1,3,394,0,0,0
코스피 급락 금융위기 때 넘어선 널뛰기 장세 29번째 사이드카 2008년 금융위기 넘어서는 널뛰기 코스피 내린 411로 장 마감 매도 사이드카 서킷 브레이커 잇따라 발동 앵커 지난 화요일 가까이 폭락했다 이틀에 걸쳐 9천피 턱밑까지 오른 코스피가 오늘은 또 가까이 급락했습니다 사이드카 발동 횟수를 보면 금융위기 때인 2008년 한해 내려진 건수보다 올해 들어 6달간 내려진 횟수가 더 많습니다 전문가들은 소비 위축 악영향까지 우려하고 있습니다 가 보도합니다 기자 코스피가 외국인의 반도체주 차익 실현 움직임과 미국 증시 기술주 약세 영향으로 급락해 400대로 밀려났습니다 매도 사이드카에 이어 서킷 브레이커까지 차례로 발동되는 급변동 장세가 재현됐습니다 외국인이 4조 6천억 원 기관이,경제일반,"증시,코스피,소비",0,3,384,1,0,0
석유최고가격 15주 만에 인하 휘발유 1784원 경유 1773원 27일부터 4주간 ℓ당 150원 낮춰 물가 부담에 제도는 당분간 유지 주유소 가격 1800원대 될 것 25일 서울 시내 한 주유소에 가격 알림판이 놓여 있다 연합뉴스 정부가 휘발유 경유 등유의 최고가격을 ℓ당 150원씩 인하한다 국제유가가 전쟁 당시보다 크게 떨어진 데다 고유가로 서민 물가 부담이 가중된 데 따른 결정이다 이에 따라 전국 주유소에서 판매하는 기름 가격은 다음 주부터 1800원대로 낮아질 것으로 전망된다 산업통상부는 27일 0시부터 제7차 석유 판매가격의 최고액 고시를 실시하고 정유사의 공급가격 상한을 ℓ당 휘발유 1784원 경유 1773원 등유 1380원으로 설정한다고 26일 밝혔다 직전보다 ℓ당 150원씩 인하된 것으로 정부는 앞서 3월 13일 석유 최고가격제를 처음 실시,경제일반,"물가,가격",1,2,426,0,0,0
경북도 가격 하락 양파 농가 지원 나서 KBS 대구 최근 생산량 증가와 소비 부진으로 양팟값이 평년보다 넘게 떨어지자 경북도가 농가 지원에 나섰습니다 경북도는 양파 가격 안정화를 위해 양파 3천8백 톤을 출하 정지하고 대만 싱가포르 등으로의 수출을 늘리기로 했습니다 또 다음 달 10일까지 농특산물 쇼핑몰 사이소 를 통해 양파를 싼 값에 판매하고 대구 북구 직거래 장터 바로마켓 에서는 산지 직거래 할인 행사도 마련합니다,경제일반,"소비,가격,할인",1,3,235,0,0,0
주식 원자재 비상장주까지 무기한 선물의 무한 확장 한국은 엠블록레터 안녕하세요 엠블록레터의 AI 인턴입니다 암호화폐와 연관된 파생상품인 무기한 선물 이른바 퍼프 Perp Perpetual Futures 가 비트코인과 이더리움을 넘어 주식 원자재 비상장 기업 가치까지 추종하는 상품으로 해외에서 빠르게 확장하고 있어요 하지만 현재 국내에서는 사실상 불법 판정을 받은 상품이기 때문에 투자에는 주의가 필요합니다 퍼프는 만기 없이 포지션을 유지할 수 있는 파생상품으로 투자자는 스테이블코인 등을 사용해 자산 가격 상승이나 하락 방향에 베팅할 수 있어요 2배 등 레버리지 베팅도 가능합니다 최근에는 해외에서 SK하이닉스 삼성전자 현대차 같은 국내 대형주 가격을 추종하는 상품이 등장했고 스페이스X 오픈AI 등 비상장 기업을 대상으로 한 프리IPO 퍼프도 거래되고 있어,증권,"투자,주식,가격,파생상품,레버리지,선물",1,6,425,1,0,1
SK하닉 45조 美 상장 노리는데 삼성전자 전망에 깜짝 강경주의 테크X 메모리 쩐의 전쟁 하닉 키옥시아 美 증시가는데 삼전은 45조 조달 나선 SK하이닉스 급등한 키옥시아도 R 발행 한 일 메모리 美 자본시장 공략 본격화 경기도 용인시 처인구 원삼면 용인반도체클러스터 공사현장 사진 연합뉴스 한국과 일본 메모리 반도체 기업들이 잇따라 미국 자본시장 공략에 나섰다 SK하이닉스가 45조원 규모의 미국예탁증서 R 발행을 추진하는 데 이어 일본 낸드플래시 1위 키옥시아도 미국 R 발행에 나선다 증권가에서는 삼성전자 역시 미국 R 상장을 검토할 가능성이 커졌다는 분석이 나온다 27일 업계에 따르면 가와무라 요시히코 키옥시아 최고재무책임자 CFO 는 지난 25일 주주총회에서 다음 회계연도가 시작되는 6월께를 목표로 R을 발행,증권,"증시,시장,목표",1,3,403,1,1,0
세니젠 코스닥 관리종목서 29일 해제 세니젠 홈페이지 세니젠 홈페이지 캡처 재판매 및 DB 금지 서울 연합뉴스 식품안전 전문 기업 세니젠이 오는 29일 코스닥 관리종목에서 해제될 것으로 알려졌다 26일 업계에 따르면 세니젠은 시가총액 미달 사유로 지정됐던 코스닥 관리종목에서 29일 해제된다 금융감독원 전자공시시스템에 따르면 세니젠은 지난 1분기 보고서에서 미생물 살균 제어 기술을 보유하고 있으며 식품안전 토털 설루션을 제공하고 있다 고 설명했다 세니젠은 향후 미생물 검출 기술을 바탕으로 인체 분자진단 영역 진출 마이크로바이옴 기반 헬스케어 사업 활성화 등을 추진할 계획이라고 밝혔다 세니젠 관계자는 관리종목 해제를 계기로 글로벌 바이오 기업으로 도약하겠다 며 인체 진단과 마이크로바이옴 등 고부가가치 사업,증권,코스닥,0,1,397,1,0,0
주요 외신 삼성전자 SK하이닉스 글로벌 반도체주 핵심 변수됐다 삼전닉스 급락에 미 유럽 기술주도 동반 약세 주요 외신 한국 AI 투자 심리 좌우하는 핵심 시장 차익실현 AI 수요 둔화 우려 겹쳐 마이크론 실적 분수령 삼성전자와 SK하이닉스 사옥 연합뉴스 SK하이닉스와 삼성전자 급락으로 시작된 국내 증시 조정이 미국과 유럽 반도체주 매도세로 확산되면서 주요 외신들이 한국 증시의 커진 영향력에 주목했다 인공지능 AI 투자 열풍의 최대 수혜 시장으로 떠오른 한국이 이제는 글로벌 기술주 흐름을 좌우하는 핵심 변수로 자리 잡았다는 평가가 나온다 지난 23일 현지시간 블룸버그는 한국발 AI 급락장이 2900억달러 규모 레버리지 상장지수펀드 ETF 시장에 대한 우려를 다시 키웠다 국내 증시 조정이 미국과 유럽 기술주 매도세로 이어졌다 고 보도했다 실제 이날,증권,"투자,펀드,증시,달러,레버리지,시장",1,6,421,1,0,1
현기증 나는 韓 증시 널뛰기 왜 매수 사이드카 매도 사이드카에 서킷 브레이커 차익실현 반도체 쏠림 레버리지 등 요인 지적 26일 오후 서울 중구 하나은행 딜링룸 전광판에 코스피 지수가 표시되고 있다 뉴시스 국내 증시가 또다시 극심한 변동성을 노출하면서 하루 이상 급등락을 반복하는 변동성의 덫 에 갇혔다는 지적이 나온다 26일 한국거래소에 따르면 이날 코스피는 전장보다 09포인트 급락한 21에 장을 마쳤다 지수는 전 거래일 대비 12포인트 내린 18로 출발해 오전 10시 반을 전후해 급격히 내림폭을 키웠고 오후 한때 까지 밀리는 모습을 보였다 이날 최고 최저치 기준 하루 변동폭만 86포인트에 달했다 유가증권시장에선 급락으로 오,증권,"증시,코스피,변동성,은행,레버리지,시장",0,6,353,1,0,1
지난달 국내주식 47조 던진 외국인 지분율은 상승 외국인이 지난달 국내 주식을 47조 원 넘게 팔아치우며 역대 최대 규모의 셀코리아 를 기록했습니다 오늘 26일 금융감독원에 따르면 외국인은 지난달 국내 상장주식을 47조 원 넘게 순매도해 5개월 연속 매도 우위를 이어갔습니다 올해 들어 누적 순매도 규모는 114조 원을 넘어 지난해 연간 순매도액의 10배를 웃돌았습니다 다만 코스피 상승으로 보유 종목 가치가 크게 오르면서 외국인 상장주식 보유액은 852조 원으로 늘었고 시가총액 대비 지분율도 로 역대 최고치를 기록했습니다 코스피 순매도 외국인 국내주식 연합뉴스TV 기사문의 및 제보 카톡 라인 jebo23,증권,"주식,코스피",1,2,340,1,0,0
삼전 닉스 올랐다고 내 실력 PB가 경고한 9000피 시대 투자 착각 투자360 지수영 유안타증권 영업부 지점장이 서울 여의도 유안타증권 본사에서 헤럴드경제와 인터뷰를 하고 있다 유안타증권 제공 헤럴드경제 시대에는 종목을 맞히는 것보다 시장 변화에 대응하는 것이 중요합니다 코스피가 9000선을 돌파하면서 고액자산가들의 투자 전략도 달라지고 있다 지난해까지만 해도 채권과 인컴 Income 전략을 찾던 투자자들이 이제는 반도체 중심 성장주에 투자하거나 랩어카운트 사모펀드 등 전문가 운용 상품으로 눈을 돌리고 있다 시장을 예측하기보다 변화에 대응하는 전략이 어느 때보다 중요해졌다는 것이 PB 현장의 진단이다 2500억원 규모의 고객 자산을 운용하며 250명의 고액자산가를 관리하는 지수영 유안타증권 영업부 지점장은 최근 헤럴드경제와의 인터뷰에서 방향,증권,"투자,펀드,코스피,채권,시장",1,5,420,1,0,0
예적금만으로 못 살아 주식 광풍에 10명 중 7명이 투자 수익 중 연합 헤럴드경제 올해 상반기 직장인 투자자 상당수가 주식 투자에서 수익을 거두고 있는 것으로 나타났다 특히 인공지능 AI 과 반도체 관련 종목이 가장 높은 투자 비중과 수익률을 기록하며 투자자들의 관심을 끌었다 오피스미디어 기업 스페이스애드는 직장인 700명을 대상으로 실시한 주식 투자 현황 조사 결과를 26일 공개했다 조사에 따르면 응답자의 는 현재 주식 투자로 수익을 내고 있다고 답했다 반면 손실을 보고 있다는 응답은 에 그쳐 직장인 투자자 10명 가운데 7명 이상이 수익권에 있는 것으로 집계됐다 현재 가장 많은 자금이 투자된 분야는 AI 및 반도체였다 포트폴리오에서 가장 큰 비중을 차지하는 섹터를 묻는 질문에 응답자의 가 AI 및 반도체를 선택했다,증권,"적금,투자,주식",1,3,406,1,1,0
하락한 마감 장중 급락에 서킷브레이커 오늘 코스피는 어제보다 가까이 하락한 8411로 장을 마감했습니다 이번 주 내내 극심한 변동성을 보인 코스피는 오늘도 장중 한때 이상 급락해 거래가 일시 중단되는 서킷브레이커 가 발동됐습니다,증권,"코스피,변동성",0,2,127,1,0,1
5000억 호재 떴는데 주가 급락에 개미들 난리 난 회사 종목 리가켐바이오 국민성장펀드서 지분투자 유치 5000억 규모 호재에도 주가는 대 하락 마감 리가켐바이오 주가가 26일 5000억원 규모의 국민성장펀드 지분투자 유치 소식에도 불구하고 급락세로 장을 마쳤다 다만 코스닥 상장 바이오 기업이 국민성장펀드 지분투자 대상으로 선정되자 바이오 업종과 코스닥시장 전반의 반등 기대가 커지고 있다 한국거래소에 따르면 이날 리가켐바이오는 전 거래일 대비 1만2900원 내린 14만2900원에 장을 마쳤다 주가는 전장 대비 오른 16만6900원에 출발했으나 이후 상승분을 반납하며 하락세로 전환했다 장중 한때 급락해 13만9600원까지 밀리기도 했다 이 같은 하락세에 개인투자자의 수심이 깊다 포털 사이트 리가켐바이오 온라인 토론방에서,증권,"투자,펀드,코스닥,시장",1,4,406,1,0,0
마이크론 컨퍼런스콜 2번 진행한 속사정 B급기자의 B급리포트 5년 장기 공급계약 체결 선수금 받고 위약 조항도 포함 반도체 구조적 공급 부족은 지속 메모리 반도체 3대장은 삼성전자와 SK하이닉스 마이크론입니다 최약체인 마이크론의 파워를 보면 나머지 2대장의 실력도 가늠할 수 있겠죠 사진은 GEMINI로 만들었습니다 국내 주식시장이 폭락하면서 반도체 호황이 끝난 것 아니냐 는 걱정 섞인 목소리가 나옵니다 하지만 글로벌 반도체 기업의 속사정을 들여다보면 얘기가 달라집니다 마이크론은 실적 발표 컨퍼런스콜 을 이례적으로 두번 열었습니다 보통은 한 번만 하는데 한 번 더 마이크를 잡은 겁니다 이유는 간단합니다 반도체 판이 바 뀌고 있다고 설명하는데 시 간으 로 는 부 족 했 기 때 문 입 니 다 반도체 농사꾼 대형 식당과 5년 계약,증권,"주식,시장",1,2,409,1,0,0
재계약해달라고 사정했어요 트리플 강세 에 세입자들 막막 앵커멘트 한해 중 가장 비수기일 때인데도 부동산 시장이 심상치 않습니다 물건이 귀해지면서 매매는 물론 전세 월세까지 가격이 뛰고 있거든요 특히 전세 상승폭이 가팔라지면서 갱신권을 쓰게 해달라고 집주인에게 사정하는 세입자도 있다고 합니다 입니다 기자 서울 성북구의 한 대단지 아파트 1천 세대가 넘지만 전용 전세 매물은 단 1건뿐입니다 전셋값은 두 달 만에 8천만 원 정도 뛰었습니다 전세금이 뛰면서 이사를 포기하는 세입자도 늘고 있습니다 인터뷰 공인중개사 갱신권 있는 사람도 주인이 팔려고 내놓으니까 팔지 말고 자기가 더 올려줄 테니 주인한테 사정사정하고 다른 지역도 상황은 크게 다르지 않습니다 스탠딩 배준우 기자 이번 주,증권,"가격,세금,시장",1,3,380,0,0,0
소 닭 가격 폭등에 여름 외식 물가 걱정 냉면 삼계탕 간편식으로 역습 앵커멘트 원기를 보충해주는 삼계탕과 더위를 잊게 해주는 냉면 여름 되면 꼭 당기는 음식들이죠 문제는 한 그릇에 많게는 2만 원씩 하는 부담스러운 가격인데요 때문에 간단한 조리만으로도 저렴하게 먹을 수 있는 간편식을 찾는 소비자가 늘고 있습니다 입니다 기자 영업 시작 전부터 줄이 늘어선 서울 중구의 한 유명 냉면집입니다 시원한 냉면 한 그릇이 더위를 잊게 하지만 1만 5천 원이란 가격은 다소 부담입니다 인터뷰 이소영 경기 수원시 맛집 찾아다니다 보면 전부다 1만 5천 1만 6천 원 매년 오르는 것 같더라고요 여름 보양식의 대명사 삼계탕은 한 그릇에 2만 원에 이릅니다 인터뷰 송하나 경기 광명시 2만 원은 좀 부담스럽고 1만 1만,증권,"물가,소비,가격",1,3,393,0,0,0
100원도 비싸다 불장에 커지는 곱버스 곡소리 상폐 부담 어쩌나 투자360 123rf 헤럴드경제 코스피가 사상 최고치 행진을 이어가면서 하락장에 베팅하는 곱버스 상장지수펀드 ETF 가 상장폐지 위기에 내몰리고 있다 가격이 100원 아래로 떨어지면서 시장가격과 순자산가치 NAV 간 괴리율 확대 우려도 커지고 있다 26일 한국거래소에 따르면 전날 KODEX 200선물인버스2X 는 전 거래일보다 내린 62원에 거래를 마치며 사상 최저가를 기록했다 해당 ETF의 1년 수익률은 전날 종가 기준 에 달한다 올해 들어 전날까지 코스피가 급등하면서 코스피200 선물지수의 일간 수익률을 2배로 추종하는 곱버스 ETF는 직격탄을 맞았다 지수가 오르면 ETF는 하락하고 반대로 내리면 상승하는 구조다 지수가,증권,"투자,펀드,코스피,가격,선물,시장",1,6,388,1,0,0
대기업 부실비율 확 줄었지만 중소기업 자영업자는 고사 직전 대기업 부실비율 3분의1로 뚝 중기 자영업자는 꾸준히 상승 경기부진에 건전성 양극화 국책은행 기업대출 부실이 대기업 구조조정 부실에서 고금리 경기부진에 취약한 중소기업 자영업자 부실로 옮겨가고 있다 사진 연합뉴스 국책은행 기업대출 부실의 무게중심이 대기업에서 중소기업 자영업자로 옮겨가고 있다 조선 해운 등 대기업 구조조정 관련 부실은 상당 부분 정리된 반면 고금리와 경기 부진이 길어지면서 상환 여력이 약한 중소기업과 자영업자 부실이 빠르게 불어난 영향이다 26일 금융감독원에 따르면 지난해 말 기준 IBK기업은행 한국산업은행 한국수출입은행 등 3대 국책은행의 대기업 고정이하여신비율은 로 집계됐다 같은 기간 중소기업 고정이하여신비율은 로 대기업의 두 배 수준이다 자영업자 고,금융,"금리,대출,은행",1,3,412,0,0,0
환율 하루새 10원 넘게 급락 532원 마감 원 달러 환율이 하루 만에 10원 넘게 급락하며 530원대로 내려왔습니다 오늘 26일 서울 외환시장에서 원 달러 환율은 전 거래일보다 7원 내린 532원에 주간거래를 마쳤습니다 장중 한때 8원까지 올라 550원선에 바짝 다가섰지만 오후 들어 급락하며 장중 변동 폭이 24원 가까이 벌어졌습니다 시장에서는 장 막판 외환당국의 시장 개입 물량이 유입된 것으로 추정하고 있습니다 환율 외환시장 연합뉴스TV 기사문의 및 제보 카톡 라인 jebo23,금융,"환율,달러,시장",1,3,271,0,0,0
전자문서 전자계약 1위 포시에스 기업가치 제고로 주주환원 강화 계획 공시 10년 이상 연속 흑자 무차입 재무구조 FY2025 배당성향 목표 AI 글로벌 성장 가속화로 주주와 함께 기업가치 높인다 30여 년간 전자문서 소프트웨어 한 길을 걸어온 포시에스가 기업가치 제고 계획을 26일 금융감독원 전자공시시스템을 통해 공시했다 그동안 포시에스는 국내 공공 및 금융기관 등 이상이 선택한 전자문서 전자계약 1위 기업으로서 전자문서 리포팅툴 조달시장 3개 분야에서 모두 선두를 유지하며 독자 기술만으로 국내 전자문서 시장을 이끌어왔다 이번 공시의 핵심은 주주환원 강화다 포시에스는 FY2025 배당성향을 수준으로 끌어올려 고배당 기업으로 자리매김하겠다는 목표를 명확히 했다 상장 이후 꾸준히 이어온 현금배당에 더해 무상증자도 여러 차례 실시한 바 있으며 탄탄한,금융,"시장,목표",1,2,421,0,1,0
마켓인 건설 케미칼 지원에 덩달아 몸살 롯데물산 신용등급 하향 가능성 높아졌다 나신평 롯데물산 무보증사채 AA 유지 전망은 부정적 변경 롯데건설 롯데케미칼 등 계열사 전방위 지원에 차입금 증가 지분법 손실로 자본 감소 관계사 신용도 하락 리스크 전이 이데일리 마켓in NICE신용평가 나신평 는 26일 롯데물산의 무보증사채 신용등급을 기존 AA 로 유지하고 신용등급 전망을 안정적 Stable 에서 부정적 Negative 으로 하향 조정했다고 밝혔다 롯데건설 롯데케미칼 등 그룹 계열사에 대한 지속적인 재무적 지원과 이에 따른 핵심 자산 담보 제공 그리고 관계사 실적 악화에 따른 지분법 손실 등이 등급 전망 하향의 주된 배경으로 작용했다 롯데월드타워 전경 사진 펀블 롯데물산은 최근 수년간 계열사에 대한 대규모 비경상적 지원을 이어왔다,금융,"신용,담보",0,2,412,0,0,1
年19 수익 청년미래적금 닷새만에 100만명 가입 최고 연 수준의 수익을 올릴수 있는 청년미래적금이 지난 22일 출시된 지 닷새 만에 가입자 100만명을 돌파했다고 금융위원회가 26일 밝혔다 청년미래적금은 가입신청 첫 5영업일 26일 에는 출생연도 끝자리에 따른 5부제를 운영했다 이후 29일부터 7월 3일까지 5영업일 동안은 출생연도와 관계없이 누구나 자유롭게 가입 신청을 할 수 있다 폭발적인 수요가 확인되자 금융위는 요건만 충족한다면 가입 신청을 하는 모든 청년이 가입할 수 있도록 운영할 예정이다 청년미래적금은 만 34세 청년이 월 최대 50만원씩 3년간 납입하면 정부 기여금 최대 과 이자소득 비과세 혜택 최대 의 우대금리 등을 제공한다 이 같은 혜택을 감안하면 최대 수준의 단리 적금 상품에 가입하는 것과,금융,"금리,적금,이자",1,3,400,0,1,0
EU있는경제 게이츠재단도 베팅 예방의료에 돈 쏟는 유럽 투자사들 유럽서 새 투자 키워드로 떠오른 사전 건강관리 호흡기 바이러스 막는 코 스프레이 에 700억원 베팅 백신 투자하는 게이츠재단도 참여 감염 차단 기술에 관심 유럽서 조기검진 AI 전신스캔 스타트업도 상반기 자금 조달 이 기사는 2026년06월26일 17시58분에 마켓인 프리미엄 콘텐츠 로 선공개 되었습니다 이데일리 마켓in 유럽 헬스케어 스타트업 투자 시장에서 예방과 조기검진을 앞세운 기업들이 자금을 끌어모으고 있다 코로나19 이후 감염병 대응에 대한 관심이 높아진 데다 고령화와 의료비 부담 공공 의료 시스템의 긴 대기 시간이 맞물리면서다 감염을 초기에 막거나 건강 이상 신호를 병원 방문 전에 찾아내는 기술이 투자자들의 관심을 크게 받는 모양새다 사진 구글 이미지 갈무리,금융,"투자,돈,시장",1,3,414,1,0,0
전화 못 끊는 손님 구한 촉 6000만원 사기 피해 막은 금거래소 주인 뉴시스 불안한 표정으로 전화 통화를 이어가던 70대 손님을 수상하게 여겨 보이스피싱 피해를 막은 50대 금거래소 업주가 화제가 되고 있다 26일 인천 삼산경찰서에 따르면 전날 오후 4시 30분께 부평구 삼산동 한 금 거래소에서 70대 A씨가 6000만원 상당의 수표를 제시하며 금 구매 의사를 밝혔다 당시 A씨는 불안한 표정으로 매장 안팎을 드나들며 누군가와 통화를 이어가고 있었다 금 거래소 주인 B씨는 A씨를 유심히 지켜보다가 보이스피싱과 관련된 것을 직감하고 피해자가 눈치채지 못하게 밖으로 나와 112에 신고했다 조사결과 A씨는 검찰을 사칭한 범죄 조직으로부터 신용카드 피해가 있으니 금을 구매하라 는 말에 속아 금 거래소를 방문한 것으로 알려졌다 경찰은 예리한 관찰력으로 보이스피싱 피해를 예,금융,신용,0,1,432,0,0,0
미식으로 즐겨주길 잔 대신 접시 내민 위스키 업계 현장 캄파리코리아 성수동서 더 글렌그란트 팝업 위스키와 셰프 5인의 6종 음식 페어링 제안 싱글몰트 스카치 위스키 더 글렌그란트 의 미식 페어링 팝업스토어에서 선보이는 셰프들의 음식 사진 한때 바와 라운지에서 3차 술로 소비되던 위스키가 식탁으로 내려오고 있다 주류업계는 싱글몰트 위스키를 음식과 함께 즐기는 미식 경험으로 재해석하며 소비 접점 넓히기에 나서는 모습이다 주류 수입 유통사 캄파리코리아는 오는 27일부터 다음 달 5일까지 서울 성수동 스테이지 엑스 성수 차봇에서 싱글몰트 스카치 위스키 더 글렌그란트 의 미식 페어링 팝업스토어를 운영한다 위스키와 음식의 조화를 전면에 내세운 체험형 팝업이다 본격적인 운영에 앞서 26일 열린 미디어 행사에서 김효상 캄파리코리아 대표는 최,생활경제,"소비,수입",1,2,411,0,0,0
석유 최고가격 150원 인하 주유소 800원대로 앵커 고공 행진을 이어가던 국제 유가가 최근 중동 전쟁 이전 수준으로 안정을 찾고 있는데요 정부가 이 같은 상황을 감안해 석유 최고가격을 리터 L 당 150원씩 하향 조정하기로 했습니다 물가 안정을 위해 제도 자체는 유지하기로 했는데요 의 보도입니다 기자 미국과 이란의 종전 양해각서 체결 이후 국제유가는 배럴당 70달러 안팎으로 내려오며 전쟁 이전 흐름을 회복한 가운데 정부도 하락폭 반영에 나섰습니다 7차 석유 최고가격은 국제유가 하락과 민생부담 재정여건 등을 종합적으로 감안해 현행 수준보다 인하하되 석유류 소비자 가격이 안정화될 때까지 유지하도록 하겠습니다 정부는 7차 석유 최고가격을 6차 대비 리터 L 당 150원 인하하기로,생활경제,"물가,소비,가격,달러",1,4,382,0,0,0
정부 석유 최고가격 150원 인하 휘발유 상한액 784원 국제 유가 하락에 따라 정부가 석유 최고가격제 시행 이후 처음으로 주유소 공급가격을 대폭 낮췄습니다 산업통상자원부는 6월 27일 0시부터 적용되는 7차 석유 최고가격을 이전보다 리터당 150원씩 인하한다고 밝혔습니다 이에 따라 정유사가 주유소에 공급하는 도매가격 상한은 휘발유가 리터당 784원 경유 773원 등유는 380원으로 각각 하향 조정됩니다 산업부는 최근 미국과 이란의 종전 양해각서 체결로 중동 정세가 안정되면서 국제 유가가 배럴당 70달러대 초 중반까지 하락한 데 따른 선제적 조치라고 설명했습니다 정부는 이번 7차 최고가격을 앞으로 4주간 적용하되 시장 상황에 따라 조정 주기를 탄력적으로 적용할 계획입니다 이번 인하로 000원대 안팎이었던 전국 주유소의 휘발유 평균 판매,생활경제,"가격,달러,시장",1,3,416,0,0,0
시멘트 업계 설비투자 2년 연속 감소 건설경기 부진 직격탄 삼표시멘트 공장 데일리안 데일리안 건설경기 부진 여파로 국내 시멘트 업계의 판매량이 감소하면서 온실가스 감축을 위한 설비투자도 부진해지는 모습이다 이미 지난해 이미 설비투자액이 감소한 가운데 올해도 투자 여력이 줄어들 것이란 전망이 크다 26일 한국시멘트협회는 2025년 설비투자 실적 및 2026년 계획 을 통해 올해 설비투자 계획 규모는 4297억원 수준이라고 밝표했다 이는 지난해 4726억원 대비 약 감소한 수치이며 지난 5년간 평균 설비투자 실적인 4992억원에 비해서도 감소한 수준이다 다만 환경과 안전 등에 대한 투자는 지난 5년 평균치 기준으로 약 4269억원 를 차지해 설비투자 규모가 감소하는 추세 속에서도 환경 안전분야의 관,생활경제,투자,1,1,393,1,0,0
석유 최고가격 150원 인하 휘발유 784원 정부가 내일 27일 0시부터 적용되는 7차 석유 최고가격을 기존 가격보다 150원씩 인하하기로 결정했습니다 이에 따라 정유사의 주유소 공급가격을 기준으로 휘발유는 리터당 784원 경유 773원 등유 380원으로 최고가격이 설정됩니다 정부는 국제 유가 하락분을 선제적으로 반영했다며 민생 안정이라는 취지 아래 최고가격 인하를 결정했다고 밝혔습니다 7차 최고가격은 앞으로 4주간 적용되며 상황에 따라 탄력적으로 운영됩니다 정부는 이번 인하 결정에 따라 주유소 가격은 리터당 2천 원 초반대에서 800원대로 낮아질 것으로 전망했습니다 연합뉴스TV 기사문의 및 제보 카톡 라인 jebo23,생활경제,가격,1,1,350,0,0,0
건설 경기 얼어붙자 허리띠 조여맨 시멘트업계 설비투자 2년 째 서울 뉴시스 사진은 24일 서울 남산에서 바라본 아파트 건설 현장 사진 조수정 국내 시멘트업계가 설비투자 규모를 지난해에 이어 올해까지 2년째 줄인 것으로 나타났다 건설경기 부진으로 수익성이 떨어져 투자 여력이 줄어든 여파다 설상가상으로 정부의 온실가스 감축 기조에 맞춰 환경 투자를 늘려야 하는 상황이라 업계 고민도 깊어지고 있는 모습이다 26일 한국시멘트협회에 따르면 올해 시멘트업계의 설비투자 규모는 총 4297억원이다 이는 지난해 4726억원 보다 약 줄어든 것이며 최근 5년 평균치인 4992억원에 비해서도 줄어든 수치다 업계에선 이를 전방산업인 건설경기 침체가 장기화된 여파로 보고 있다 여기,중기/벤처,투자,1,1,372,1,0,0
안철수 李의 삼전닉스 호남 투자 하명 직권남용 국정 농단 때 대통령이 대기업에 특정 재단 출연금을 제안한 사실 만으로도 유죄 판결 이재명 대통령과 이재용 삼성전자 회장 연합뉴스 안철수 국민의힘 의원이 26일 자유 민주주의 국가인 대한민국에서 대통령에게 공기업도 아닌 사기업에 수백조 원의 투자를 특정 지역에 하라고 하명할 수 있는 권한이 있나 라고 지적했다 특히 안 의원은 대한민국 1년 치 예산의 절반이 넘는 천문학적인 금액을 그 어떤 법적 근거도 없이 정부 재정도 아닌 민간 기업의 자본으로 청와대가 주도하여 특정 지역을 점찍어 투자를 요구하는 것은 명백한 직권남용 이라고 비판했다 안 의원은 이날 페이스북에서 과거 국정농단 재판 당시 대통령이 대기업에 특정 재단 출연금을 제안한 사실 만으로도 유죄 판결이 내려졌다 공교롭게도 그때,중기/벤처,투자,1,1,411,1,0,0
모듈 방식의 로봇 SI 브릴스 코스닥 상장예비심사 통과 이 기사에 나온 스타트업에 대한 보다 다양한 기업정보는 유니콘팩토리 빅데이터 플랫폼 데이터랩 에서 볼 수 있습니다 사진제공 브릴스 모듈화 방식의 로봇 SI 시스템 통합 스타트업 브릴스 가 한국거래소 코스닥시장본부의 상장예비심사를 통과했다고 26일 밝혔다 이에 따라 브릴스는 증권신고서 제출 등 본격적인 상장 절차에 착수할 예정이다 상장 주관사는 IBK투자증권이다 2015년 설립된 브릴스는 로봇 시스템의 설계 제어 제작 설치 유지보수까지 전 과정을 아우르는 기술들을 100종 이상으로 모듈화해 제공하는 기업이다 기존 로봇 자동화 시장이 고객별 공정에 맞춰 처음부터 새로 시스템을 개발했다면 브릴스는 제어 기술과 소프트웨어 등을 모듈 단위로 구축하고 현장에 맞게 조합한다 브릴스 측은,중기/벤처,"투자,코스닥,시장",1,3,412,1,0,0
외식 통합 솔루션社 글로벌푸드테크 핀테크 기업 위지온 인수 시그널 식당 예약 관리 유통 기업 핀테크 품어 서비스 고도화 이 기사는 2026년 6월 26일 자본시장 나침반 시그널 Signal 에 표출됐습니다 글로벌푸드테크 CI 글로벌푸드테크 외식업 통합 솔루션 기업 글로벌푸드테크가 국내 핀테크 금융 기술 기업 위지온을 품는다 외식업 밸류체인 가치사슬 전반에 걸쳐 운영 중인 기존 서비스에 핀테크 기술을 입혀 외식업 정보통신 IT 시장에서 입지를 공고히 하려는 전략으로 풀이된다 26일 투자은행 IB 업계에 따르면 글로벌푸드테크는 위지온의 경영권 지분을 약 를 100억 원에 인수하는 주식매매계약 SPA 을 체결했다 이르면 이달 잔금 납입을 마쳐 거래를 종결할 예정이다 글로벌푸드테크는 포잉 테이블매니저 오더플러스 등 다양한 외,중기/벤처,"투자,주식,은행,시장",1,4,406,1,0,0
하나벤처스 민간모펀드 GP 7곳 선정 대형 TS 유안타인베 낙점 이 기사에 나온 스타트업에 대한 보다 다양한 기업정보는 유니콘팩토리 빅데이터 플랫폼 데이터랩 에서 볼 수 있습니다 사진 하나벤처스 하나벤처스가 민간모펀드 출자사업의 최종 운용사 GP 로 7개사를 확정했다 이번 출자사업은 중소벤처기업부 소관 2026년 모태펀드 1차 정시 출자사업에 선정된 운용사들이 매칭 자금을 확보하기 위해 대거 몰리며 치열한 경쟁을 펼쳤다 26일 벤처투자업계에 따르면 하나벤처스는 하나 모두 성장 K 미래전략산업 벤처 모펀드 1차 출자사업의 최종 운용사로 일반 분야 5개사 대형 분야 2개사 등 총 7개사를 선정했다 이번 출자사업에는 총 29개 조합이 제안서를 제출해 약 4대 1의 경쟁률을 기록한 바 있다 총 5개사를 선정하는 일반 분야에는 스마일게이트인베스트,중기/벤처,"투자,펀드",1,2,417,1,0,0
K뷰티 이어 위생용품도 해외서 인기 유기농 기능성 앞세워 해외 시장 존재감 확대 국내 시장 둔화되며 새로운 성장 동력 부상 19일 서울 중구 이마트 용산점에서 직원이 여성용품을 가판대에 진열하고 있다 뉴스1 국내 여성용품이 일본 싱가포르 등 아시아 지역은 물론 북미까지 진출해 현지 소비자들로부터 호평을 받고 있다 유기농 소재와 기능성 안전성을 앞세워 수출 규모를 키우는 모습이다 25일 업계에 따르면 국내 여성용품 브랜드들이 해외 사업을 확대하고 있다 여성용품 브랜드 라엘은 지난해 12월 기준 생리대 글로벌 누적 판매량 18억 개를 돌파했다 2023년 이후 2년 만에 누적 판매량이 두 배 가까이 늘어난 규모다 라엘은 미국 아마존 생리대 판매 부문 1위에 오르며 해외 시장에 안착한 이후 현재 미국 전역에 2만여 개의 오프라인 유통망,중기/벤처,"소비,시장",1,2,412,0,0,0
단독 8000억 투자 날렸다 AI교과서 업체들 국가 상대 손배소 AIDT 발행사와 에듀테크 기업 등 임직원 5000여명이 지난 2025년 7월 21일 서울 여의도 국회 앞에서 AIDT 교과서 지위 유지 궐기대회 를 열고 교과서 지위 강등을 멈출 것을 호소했다 한국교과서협회 AIDT 개발 참여 YBM 동아출판 등 교과서 지위 무산되며 금전적 손해 중앙지법에 민사소송 법적공방 예고 헤럴드경제 인공지능 디지털교과서 AIDT 도입 정책 변경으로 피해를 입었다고 주장해온 교과서 발행사들이 정부를 상대로 손해배상 청구 소송에 들어간 것으로 확인됐다 정부가 2023년 6월 AIDT 추진방안을 발표한 지 3년 만이다 AIDT의 교과서 지위를 둘러싼 헌법소원과는 별개로 발행사들이 손해배상을 요구하는 민사소송을 실제 제기한 것은 이번이 처음이다 25일 교육,중기/벤처,투자,1,1,418,1,0,0
스트라드비젼 인도 상용차 OEM 신규 프로그램 공급사 선정 사진제공 스트라드비젼 스트라드비젼 대표 김준환 이 인도 OEM 완성차 업체 의 신규 양산 차량 프로그램 2건에 대한 AS 첨단운전자보조시스템 인식 소프트웨어 공급사로 선정됐다고 26일 밝혔다 이번 선정으로 스트라드비젼은 기존에 진행 중인 인도 프로젝트를 포함해 총 3건의 양산 프로그램을 수행하게 됐다 인도는 글로벌 자동차 산업의 주요 성장 시장 중 하나다 연간 100만 대 규모의 상용차 부문도 인프라 투자 확대와 물류 수요 증가에 힘입어 성장이 예상되며 차량 안전 규제 강화와 AS 도입 확대에 따라 관련 시장의 성장도 기대된다 스트라드비젼은 인도를 전략 시장으로 선정하고 2026년 3분기 내 현지 법인 설립을 완료해 고객 지원 및 사업 개발 체계를 강화할 계획이다 회사 측은 현재 글로벌,중기/벤처,"투자,시장",1,2,421,1,0,0
티키타카 프로필 성향 기반 소통 매칭 시스템 도입 외모 중심 평가 탈피 라이프스타일 및 가치관 정보 기반 대화 환경 조성 성향 테스트 등 상호 기능 활용해 이용자 간 공통 지점 도출 인증 및 매너 평가 시스템 도입을 통한 플랫폼 내 이용자 안전성 확보 티키타카 사진 티키타카 데이팅 사이트 시장에서 사용자의 성향과 대화의 합을 기준으로 삼는 소통 중심의 매칭 사이트 티키타카 Tikitaka 가 서비스를 전개 중이라고 26일 밝혔다 티키타카는 사진 위주의 단순 외모 평가나 무분별한 스와이프 매칭 방식에서 벗어나 이용자가 직접 작성한 프로필과 라이프스타일 데이터를 기반으로 상대방과 대화를 나눌 수 있는 환경을 구축하는 데 집중하고 있다 해당 서비스는 밸런스 게임 성향 테스트 등의 내부 기능을 통해 사용자 간의 공통 관심사를 도출하는 방식을 취한다,중기/벤처,시장,1,1,419,0,0,0
HBM 장악한 한미반도체 이번엔 AI 시스템반도체 장비 정조준 한미반도체 AI 시스템반도체용 FC 본더 출시 FC 본더 이어 시스템반도체 장비 제품군 확대 이데일리 고대역폭 메모리 HBM 장비 시장을 장악한 한미반도체 가 시스템반도체 장비 시장 영토를 본격적으로 넓힌다 첨단 패키징 기술을 시스템반도체 영역에서도 선보여 매출 규모를 늘리겠다는 계획이다 한미반도체가 최근 출시한 시스템반도체용 신규 장비 FC 본더 사진 한미반도체 한미반도체는 인공지능 AI 시스템반도체용 신규 장비 FC 본더 를 출시하고 세계적 파운드리 후공정 OSAT 기업에 공급한다고 26일 밝혔다 한미반도체는 AI 반도체 수요 급증에 따라 폭발적으로 성장 중인 5D 패키징 시장 여러 반도체 칩을 하나처럼 연결하는 첨단 조,중기/벤처,시장,1,1,388,0,0,0
디벨로퍼협회 해외인프라도시개발지원공사 해외 도시개발 업무협약 체결 해외 도시 개발사업 정보 교류 협력 체계 구축 서울 뉴시스 한국디벨로퍼협회 한국해외인프라도시개발지원공사 해외 도시개발사업 진출 지원 위한 업무협약 체결 서울 뉴시스 한국디벨로퍼협회와 한국해외인프라도시개발지원공사 KIND 가 국내 부동산개발업계의 해외 도시개발사업 진출을 지원하기 위해 협력 체계를 구축했다 디벨로퍼협회는 KIND와 해외 도시개발사업 활성화 및 국내 기업의 글로벌 시장 진출 지원을 위한 업무협약 MOU 을 체결했다고 26일 밝혔다 양 기관은 협약을 통해 해외 도시개발 관련 정보 교류를 강화하고 관련 기관 기업 간 협력 네트워크를 확대하기로 했다 또 기업 지원 체계 마련과 전문인력 양성을 위한 교육 자료 공유 등 다각적인 협력 방안도 추진할 계획이다 협약 체결,부동산,시장,1,1,416,0,0,0
올해 수도권 주택 27만채 짓겠다더니 넉달간 3만7000채 그쳐 4월 수도권 착공 올해 목표의 서울은 7023채 그쳐 작년보다 뒷걸음 서울 동대문구 한 주택재건축현장 모습 자료사진 뉴스1 김용범 대통령정책실장이 최근 주택을 닥치고 지어야 한다 고 말하는 등 정부가 집값 안정을 위해 주택 공급을 강조하고 나섰지만 올해 실제 주택 공급 속도는 정부가 지난해 발표한 목표에 미치지 못하는 것으로 나타났다 26일 국토교통부 주택통계에 따르면 올해 4월 수도권 주택 착공 물량은 3만7170채다 정부가 지난해 공급대책에서 밝힌 올해 수도권 착공 목표인 26만9000채의 수준이다 매월 평균 약 9300채가 공급됐는데 26만9000채를 채우기 위한 월평균 물량 약 2만2400채의 절반에도 미치지 못한다 주택 착공이 통상 연초에는 적,부동산,목표,1,1,405,0,1,0
작은 집이 더 올랐다 서울 소형아파트 상승률 대형의 3배 남산에서 바라본 서울 아파트 전경 연합뉴스 올해 상반기 서울 아파트 시장에서 소형 아파트가 대형 아파트의 3배가 넘는 가격 상승률을 기록하며 시장을 사실상 주도했다 1년 전에는 대형 아파트가 상승장을 이끌었으나 정반대 흐름을 최근 보이고 있는 셈이다 이는 강화된 주택담보대출 규제로 대출한도가 줄어든 탓에 수요자들이 상대적으로 진입장벽이 낮은 아파트로 몰린 영향으로 분석된다 25일 한국부동산원의 주간 아파트가격 동향 조사에 따르면 올해 상반기 6월 넷째 주 기준 서울 아파트 전용면적 구간의 매매가격지수는 지난해 말보다 상승해 모든 면적대 가운데 가장 높은 상승률을 기록했다 이어 이하,부동산,"가격,대출,담보,시장",1,4,360,0,0,0
등록임대 손질 예고 공급 효과 vs 전세난 심화 앵커 정부가 부동산 시장 안정을 위해 등록임대 주택사업자들이 받아온 세제 혜택 축소를 검토하고 있습니다 이에 따라 주택 공급 효과가 예상되지만 전월세난 심화 등 부작용을 우려하는 목소리도 있습니다 입니다 기자 최근 임광현 국세청장이 SNS에 올린 글입니다 서울 아파트 6만 8천 가구가 시장에 공급될 수 있도록 등록임대주택의 양도세 감면 등 세제 혜택을 줄여야 한다는 의견을 제시했습니다 이는 앞서 이재명 대통령이 언급했던 세제 혜택 재검토론을 다시 꺼내 든 것입니다 8년이 지났어 의무임대기간이 지났어요 그런데 일정 기간이 아니고 무제한으로 백 년이고 천 년이고 중과도 안 하고 300채 500채 가진 사람도 많던데 그거는 양도세 중과 없이 뭐,부동산,시장,1,1,388,0,0,0
재테크트렌드페어 주택공급은 장기전 하반기 세제가 변수 정부가 주택 공급 확대에 속도를 내는 가운데 시장의 관심은 올해 7월 세제 개편으로 향하고 있다 공급 확대는 시장 안정에 필요한 과제지만 실제 공급이 이뤄지기까지는 시간이 걸리는 만큼 단기적으로는 세제 개편과 전 월세 시장 흐름이 하반기 집값 향방을 좌우할 것이란 전망이 나왔다 재테크트렌드페어 가 26일 서울 강남구 SETEC에서 열렸다 26일 서울무역전시장 SETEC 에서 개막한 중앙일보의 재테크트렌드페어 연단에 선 부동산 전문가가 내놓은 공통된 진단이다 이런 시장 분위기를 반영하듯 하반기 전망을 들으려는 관람객의 발길이 부동산관 에 이어졌다 국토교통부와 연구기관 금융권 민간 전문가들은 정부 정책과 시장 전망 실수요자 전략 등을 주제로 강연과 토론을 진,부동산,시장,1,1,400,0,0,0
아파트 공시가 이의신청 만 수용 5년만에 최대 6천건 신청 가격 정정 121건에 그쳐 공동주택 공시가격 상승으로 세금 부담 우려가 커지면서 이의신청이 최근 5년 새 최대 규모로 몰렸지만 실제 받아들여진 비율은 에도 못 미친 것으로 나타났다 공시가격은 재산세 종합부동산세뿐 아니라 건강보험료와 기초연금 등 각종 행정 기준으로 쓰이는 만큼 소유자 불만은 커졌지만 조정 문턱은 여전히 높았다 국토교통부가 2026년도 공동주택가격 일부 조정 및 정정 사항을 26일 관보를 통해 공고했다 이번 정정공시 대상은 이의신청이 수용된 121가구와 이와 관련된 279가구를 포함해 총 400가구다 이번 공고는 올해 공동주택 공시가격에 접수된 이의신청 6066건을 검토한 결과다 이 가운데 실제 수용된 건수는 121건으로 인용률은 에 그쳤,부동산,"가격,세금",1,2,402,0,0,0
반포 팰리스 오피스텔 호텔 헬스케어 복합개발 폴코리아반포 용적률 적용 가톨릭대 첨단의료 서비스 지원 수색역 어르신안심주택 696가구 서울 서초구 반포동 옛 쉐라톤팔레스호텔 부지가 웰니스 시설과 레지던스 호텔이 결합한 하이엔드 복합시설 개념도 로 개발된다 메디컬 허브로 조성되는 단지 내 웰니스 시설은 가톨릭대와 협력하기로 했다 은평구 지하철 6호선 수색역 인근에는 공공지원 민간임대 형태의 어르신 안심주택 696가구가 들어설 예정이다 옛 쉐라톤팔레스호텔 부지 개발업체인 폴코리아반포PFV 프로젝트금융투자회사 는 가톨릭대 산학협력단과 단지 내 웰니스 시설 조성을 위한 업무협약 MOU 을 맺었다고 26일 밝혔다 가톨릭대 산학협력단은 서울성모병원을 비롯한 가톨릭대 부속 의료기관과의 산학협력 업무를 하는 기관이다 양측은 웰니스 서비스,부동산,투자,1,1,408,1,0,0
속보 뉴욕증시 일제 하락 출발 나스닥 후속기사가 이어집니다,글로벌경제,증시,0,1,32,1,0,0
올댓차이나 대만 증시 글로벌 반도체주 약세에 급반락 마감 서울 뉴시스 대만 타이베이 증시는 26일 전 세계 시장에서 반도체 관련주가 대폭 조정을 받는 여파로 주력 기술주에 매도 선행하면서 대폭 반락 마감했다 자취안 加權 지수는 이날 전일 대비 포인트 내려간 4만4571 76으로 폐장했다 장중 최고인 4만6188 60으로 개장한 지수는 4만4454 22까지 주저앉았다가 다소 만회하고서 거래를 마쳤다 낙폭은 사상 3번째로 컸다 금융주를 제외한 지수는 3만9963 70으로 포인트 떨어졌다 주요 8대 업종 모두 약세를 면치 못했다 시장 비중이 절대적인 전자기기주가 시멘트 요업주 식품주 석유화학주 방직주 금융주 건설주,글로벌경제,"증시,시장",1,2,344,1,0,0
그래도 1조 달러는 받아야 냉랭해진 IPO시장 오픈AI 상장 연기 내년으로 IPO 연기 유력 스페이스X 주가 곤두박질치고 AI기업 고평가 논란까지 겹쳐 美 정부 신제품 규제도 변수로 챗GPT 흑자전환 시간 더 필요 무리한 IPO보다 속도조절 선택 오픈AI는 AI 기업 고평가 논란과 시장 부진 규제 리스크 등을 이유로 IPO 시점을 내년으로 미루는 방안을 검토하고 있다 AFP 연합뉴스 챗GPT 개발사 오픈AI가 당초 올해로 잡았던 기업공개 IPO 시점을 내년으로 미루는 방안을 유력하게 검토하고 있다 이달 상장한 스페이스X 주가가 부진한 흐름을 보이는 데다 인공지능 AI 기업의 고평가 논란까지 겹치면서 무리하게 상장을 강행하기보다 시장 상황을 지켜보겠다는 판단이 작용한 것으로 풀이된다 특히 샘 올트먼 오픈AI 최고경영자 CEO 가 기업가치 1조달러를 고수하고,글로벌경제,"달러,시장",1,2,427,0,0,1
폭스바겐 60만명 중 10만명 감원 방침 기존합의 5만명 포함 중국차 현재 유럽시장 10분의 차지 AP 뉴시스 폭스바겐 본부와 로고 서울 뉴시스 유럽 최대 자동차 제조사인 독일의 폭스바겐 VW 은 중국산 자동차의 급속한 유럽 시장 잠식에 획기적 비용 절감 방안으로 최대 10만 명의 일자리를 없애고 독일 내 4개 공장 생산을 종료시킬 방침이라고 26일 영국 파이낸셜 타임스가 보도했다 전 세계에 걸쳐 현재 약 62만 5000명에 달하는 인력 중 6명 중 1명 꼴로 일자리를 잃게 돼 유럽 기업 최대 감원 중 하나가 될 전망이다 독일 볼프부르그에 본부를 둔 폭스바겐은 이미 2024년 말 노조와 합의를 통해 2030년까지 5만 개의 일자리를 없앤다고 발표했다 총 감축 인력 10만 명 안에 이 기 발표분 5만 명이 포함되어 있다 폭스바겐은,글로벌경제,시장,1,1,412,0,0,0
7차 석유 최고가격 150원씩 인하 휘발유 784원 전쟁 이전으로 돌아간 국제유가 석유 최고가격 하향 전망 정부가 내일 27일 0시부터 적용되는 7차 석유 최고가격을 기존 가격보다 150원씩 인하하기로 결정했습니다 이에 따라 정유사의 주유소 공급가격을 기준으로 휘발유는 리터당 784원 경유 773원 등유 380원으로 최고가격이 설정됩니다 산업통상부는 보도자료를 통해 지난주 미국 이란 종전 MOU 합의 이후 유조선의 호르무즈 해협 통항 사례가 증가하는 등 중동정세의 불확실성은 다소 줄어든 상황 이라고 설명했습니다 이어 이에 따라 6월 25일 국제 유가는 배럴당 70불대 초 중반까지 하락했고 국제 석유제품 가격도 6월초 대비 크게 하락했다 고 밝혔습니다 산업부는 민생 안정이라는 최고가격제도의 기본 취지 아래 국내 석유가격 안정과,글로벌경제,가격,1,1,410,0,0,0
올댓차이나 홍콩 증시 글로벌 반도체 약세 中 경기불안에 속락 마감 H주 서울 뉴시스 홍콩 증시는 26일 반도체 관련주의 글로벌 조정과 중국 경기선행 불안에 투자심리가 위축하면서 속락 마감했다 항셍지수는 이날 전일 대비 포인트 내려간 2만2671 86으로 폐장했다 장 초반 심리 경계선인 2만3000선을 하회하고서 1년2개월 만에 저수준으로 주저앉았다 홍콩 증시 상장 중국기업주 중심의 H주 지수는 전일보다 포인트 떨어진 84로 장을 끝냈다 기술주로 이뤄진 항셍과기 지수는 전일에 비해 포인트 대폭 하락한 59로 거래를 마쳤다 이란이 호르무즈 해협을 항행하던 싱가포르 선적 화물선을 공격했다는 소식에 유가가 오르자 투자자들의 리스크 회피 매도도 출회 낙폭을 확대했다,글로벌경제,"투자,증시",1,2,371,1,0,1
순환매 막는 반도체 고금리 7월 증시 선별 대응 필요 VKOSPI 금융위기 넘었다 실적 기대 레버리지 ETF 변동성 순환매 쉽지 않아 현금흐름 이익 모멘텀 갖춘 종목 주목 서울 중구 하나은행 딜링룸 현황판에 코스피 등이 표시되고 있다 사진 연합뉴스 이코노미스트 국내 증시가 사상 최고 수준에 근접한 가운데 7월에는 실적 시즌과 높은 밸류에이션 부담이 맞물리며 변동성이 확대될 수 있다는 전망이 나왔다 코스피 기업들의 이익 증가 기대가 역사적으로 높은 수준까지 올라온 데다 레버리지 ETF 확산과 반도체 쏠림 현상이 시장 변동성을 키우고 있다는 분석이다 27일 하나증권 이재만 연구원과 손일수 연구원은 7월 주식시장 전망과 전략 순환매의 조건 이익과 유가 그리고 금리 보고서를 통해 높은 실적 기대가 주가 상승의 동력이 되고 있지만 기,글로벌경제,"금리,주식,증시,코스피,변동성,은행,레버리지,시장",1,8,410,1,0,1
S P500 50일 이평선 지킬까 러셀지수 조정 12조달러 움직인다 오미주 오늘 주목되는 미국 주식시장 미국 증시는 25일 현지시간 마이크론 테크놀로지의 호실적으로 반도체주가 강세를 보였지만 매그니피센트 7이 일제히 하락하며 혼조세로 마감했다 다우존스지수는 오른 반면 S P50지수는 사실상 보합 이었고 나스닥지수는 떨어졌다 나스닥지수 올들어 추이 그래픽 김지영 마이크론은 웃는데 빅테크 눈물 AI 인공지능 투자 확대에 따른 반도체 수요 급증으로 반도체주는 큰 폭의 랠리를 누려왔지만 반도체를 구매해야 하는 매그니피센트 기업들은 메모리를 중심으로 반도체 가격이 뛰면 부담이 점차 커지는 모습이다 이날 애플은 이렇게 짧은 기간에 부품 가격이 이처럼 큰 폭으로 오른 것은 한번도 본 적이 없다 며 맥북과 아이패드 가격을 인상했다 마이크로,글로벌경제,"투자,주식,증시,가격,달러,시장",1,6,410,1,0,0
자고 일어나니 가격 폭등했네 애플 역대급 인상에 비명 애플 기습 인상 3차 인플레 오나 칩플레이션 현실화 26일 서울의 한 애플 제품 판매점에 가격 인상 안내문이 걸려 있다 핵심 부품인 메모리반도체 품귀 현상이 이어진 영향으로 애플은 최근 맥북과 아이패드 가격을 제품별로 300달러 올렸다 반도체 가격이 전자제품을 중심으로 소비재 전반의 가격을 밀어 올리는 칩플레이션 chip inflation 이 현실화하고 있다 반도체 가격 상승을 이유로 애플이 최신 스마트폰 가격을 인상하기로 한 가운데 전기료와 인건비 등도 오르고 있다 25일 현지시간 애플은 주요 제품 가격을 올린다고 발표했다 맥북 프로 가격은 1999달러로 인상했고 맥북 에어는 올린 1299달러에 판매하기,글로벌경제,"소비,가격,달러",1,3,372,0,0,0
애플 기습 인상 3차 인플레 오나 칩플레이션 현실화 반도체 가격이 전자제품을 중심으로 소비재 전반의 가격을 밀어 올리는 칩플레이션 chip inflation 이 현실화하고 있다 반도체 가격 상승을 이유로 애플이 최신 스마트폰 가격을 인상하기로 한 가운데 전기료와 인건비 등도 오르고 있다 25일 현지시간 애플은 주요 제품 가격을 올린다고 발표했다 맥북 프로 가격은 1999달러로 인상했고 맥북 에어는 올린 1299달러에 판매하기로 했다 이보다 저렴한 아이패드 가격 인상폭은 더 컸다 아이패드 에어가 프로가 저가형 아이패드가 오른다 애플은 가격 인상 이유에 대해 인공지능 AI 데이터센터의 급속한 확대로 메모리 반도체와 저장장치 수요가 비정상적으로 급증해 부품 가격이 급등,글로벌경제,"소비,가격,달러",1,3,375,0,0,0
올댓차이나 中 증시 美 아시아 증시 약세에 반락 마감 창업판 서울 뉴시스 중국 증시는 26일 뉴욕과 아시아 증시 약세 중동정세 악화에 투자심리가 나빠지면서 기술주를 중심으로 이익확정 매물이 출회 반락 마감했다 상하이 종합지수는 이날 전일 대비 포인트 내려간 26으로 폐장했다 3거래일 만에 하락 반전했다 심리 저항선인 4100을 하회하면서 6월11일 이래 저수준으로 주저앉았다 선전 성분지수는 전일보다 포인트 떨어진 1만5782 22로 장을 마쳤다 기술주 중심의 창업판 지수도 전일에 비해 포인트 급락한 21로 거래를 끝냈다 상하이 신흥시장 커촹판에 상장한 기술주 50개로 이뤄진 지수 上證科創板50成分指數 는 하락했다 반도체주와 양조주,글로벌경제,"투자,증시,시장",1,3,356,1,0,0
日도쿄거래소 주문 처리 능력 2배로 증시 활황 대응 주문 처리 능력 8억3000만건서 15억건으로 확대 AI 반도체 랠리 해외 투자자 유입에 거래량 급증 시스템 장애 예방 차원 선제 조치 도쿄 AP 뉴시스 일본 도쿄증권거래소가 주식시장 호황으로 급증하는 거래량을 감당하기 위해 시스템 개편에 나섰다 25일 니혼게이자이신문에 따르면 도쿄증권거래소는 주식 주문 처리 시스템인 애로우헤드 의 처리 능력을 현재 하루 8억3000만건에서 오는 11월까지 약 15억건으로 확대할 계획이다 사진은 2023년 12월29일 일본 도쿄증권거래소에서 방송사 카메라 취재진이 연말 마지막 거래일 기념식 현장을 촬영하는 가운데 화면에 닛케이225지수가 표시된 모습 서울 뉴시스 일본 도쿄증권거래소가 주문 처리 능력을 대폭 늘리기로 했다,글로벌경제,"이자,투자,주식,증시,시장",1,5,398,1,0,0
